{
    "Afghanistan": 0.29611897,
    "Africa": 1.0414075,
    "Albania": 1.618066,
    "Algeria": 3.9899774,
    "Andorra": 5.7286263,
    "Angola": 0.6191414,
    "Anguilla": 9.173204,
    "Antigua and Barbuda": 5.027352,
    "Argentina": 4.117966,
    "Armenia": 2.4385939,
    "Aruba": 8.054269,
    "Asia": 4.6212344,
    "Asia (excl. China and India)": 4.036258,
    "Australia": 15.091471,
    "Austria": 7.243327,
    "Azerbaijan": 3.7324574,
    "Bahamas": 5.8503213,
    "Bahrain": 26.663702,
    "Bangladesh": 0.5501772,
    "Barbados": 4.0017247,
    "Belarus": 6.2227383,
    "Belgium": 8.243808,
    "Belize": 1.7231431,
    "Benin": 0.5967434,
    "Bermuda": 8.533475,
    "Bhutan": 1.9576669,
    "Bolivia": 1.9306858,
    "Bonaire Sint Eustatius and Saba": 3.8679013,
    "Bosnia and Herzegovina": 4.1475167,
    "Botswana": 2.5111492,
    "Brazil": 2.281014,
    "British Virgin Islands": 5.0900307,
    "Brunei": 23.531528,
    "Bulgaria": 6.1808095,
    "Burkina Faso": 0.25783187,
    "Burundi": 0.055206448,
    "Cambodia": 1.1470591,
    "Cameroon": 0.3418291,
    "Canada": 14.3004675,
    "Cape Verde": 1.1356577,
    "Central African Republic": 0.041650932,
    "Chad": 0.11291891,
    "Chile": 4.3834257,
    "China": 8.04574,
    "Colombia": 1.7800757,
    "Comoros": 0.3629009,
    "Congo": 1.2790622,
    "Cook Islands": 5.367806,
    "Costa Rica": 1.5171846,
    "Cote d'Ivoire": 0.42603302,
    "Croatia": 4.3598137,
    "Cuba": 1.9595414,
    "Curacao": 9.686285,
    "Cyprus": 6.1087165,
    "Czechia": 9.241809,
    "Democratic Republic of Congo": 0.027182981,
    "Denmark": 5.0522227,
    "Djibouti": 0.34297308,
    "Dominica": 2.188569,
    "Dominican Republic": 2.6014054,
    "Ecuador": 2.321741,
    "Egypt": 2.2846344,
    "El Salvador": 1.1409876,
    "Equatorial Guinea": 3.1966193,
    "Eritrea": 0.22666506,
    "Estonia": 7.86407,
    "Eswatini": 0.91188765,
    "Ethiopia": 0.14792238,
    "Europe": 7.112357,
    "Europe (excl. EU-27)": 8.349364,
    "Europe (excl. EU-28)": 9.269164,
    "European Union (27)": 6.275719,
    "European Union (28)": 6.1284246,
    "Faeroe Islands": 13.197505,
    "Fiji": 1.5902857,
    "Finland": 6.7923503,
    "France": 4.7413116,
    "French Guiana": 2.189799,
    "French Polynesia": 3.1239517,
    "Gabon": 2.4399939,
    "Gambia": 0.24837817,
    "Georgia": 2.929708,
    "Germany": 8.08974,
    "Ghana": 0.64912677,
    "Greece": 5.390837,
    "Greenland": 9.0758,
    "Grenada": 2.5613847,
    "Guadeloupe": 5.784693,
    "Guatemala": 1.1543926,
    "Guinea": 0.35780457,
    "Guinea-Bissau": 0.17073512,
    "Guyana": 3.837854,
    "Haiti": 0.25122553,
    "High-income countries": 10.269297,
    "Honduras": 1.060269,
    "Hong Kong": 4.2249703,
    "Hungary": 4.9902883,
    "Iceland": 9.113199,
    "India": 1.9250876,
    "Indonesia": 2.2621746,
    "Iran": 8.517396,
    "Iraq": 4.262931,
    "Ireland": 7.5283546,
    "Israel": 6.126762,
    "Italy": 5.5483704,
    "Jamaica": 2.7194328,
    "Japan": 8.56574,
    "Jordan": 2.2957532,
    "Kazakhstan": 14.413248,
    "Kenya": 0.37496784,
    "Kiribati": 0.5550228,
    "Kosovo": 3.396079,
    "Kuwait": 24.972116,
    "Kyrgyzstan": 1.4259297,
    "Laos": 2.7982957,
    "Latvia": 3.877535,
    "Lebanon": 4.462823,
    "Lesotho": 1.0003072,
    "Liberia": 0.23014884,
    "Libya": 11.064882,
    "Liechtenstein": 3.8647652,
    "Lithuania": 4.981188,
    "Low-income countries": 0.28447062,
    "Lower-middle-income countries": 1.8348254,
    "Luxembourg": 13.067673,
    "Macao": 1.8740766,
    "Madagascar": 0.146784,
    "Malawi": 0.07803988,
    "Malaysia": 7.626435,
    "Maldives": 4.0619364,
    "Mali": 0.19035652,
    "Malta": 3.273186,
    "Marshall Islands": 3.7781527,
    "Martinique": 5.6945543,
    "Mauritania": 0.8923355,
    "Mauritius": 3.4426038,
    "Mayotte": 0.86475307,
    "Mexico": 3.2138007,
    "Micronesia (country)": 1.4049654,
    "Moldova": 1.8296566,
    "Mongolia": 15.029628,
    "Montenegro": 2.789471,
    "Montserrat": 4.659306,
    "Morocco": 1.9035642,
    "Mozambique": 0.2230942,
    "Myanmar": 0.67487085,
    "Namibia": 1.5867921,
    "Nauru": 4.7563233,
    "Nepal": 0.47188523,
    "Netherlands": 8.058957,
    "New Caledonia": 19.096947,
    "New Zealand": 6.587057,
    "Nicaragua": 0.7385937,
    "Niger": 0.10687553,
    "Nigeria": 0.6419209,
    "Niue": 6.0919776,
    "North America": 10.28275,
    "North America (excl. USA)": 4.349751,
    "North Korea": 2.170811,
    "North Macedonia": 3.25748,
    "Norway": 7.5732727,
    "Oceania": 10.017182,
    "Oman": 17.916525,
    "Pakistan": 0.99183357,
    "Palau": 13.210194,
    "Palestine": 0.6023757,
    "Panama": 2.9949045,
    "Papua New Guinea": 0.85528,
    "Paraguay": 1.2793584,
    "Peru": 1.669323,
    "Philippines": 1.2668023,
    "Poland": 8.577376,
    "Portugal": 3.9647021,
    "Qatar": 35.587307,
    "Reunion": 4.2467885,
    "Romania": 4.104127,
    "Russia": 12.09865,
    "Rwanda": 0.13033324,
    "Saint Helena": 2.5396094,
    "Saint Kitts and Nevis": 4.9924207,
    "Saint Lucia": 2.7046583,
    "Saint Pierre and Miquelon": 10.505165,
    "Saint Vincent and the Grenadines": 2.0478244,
    "Samoa": 1.3441752,
    "Sao Tome and Principe": 0.5915166,
    "Saudi Arabia": 18.70299,
    "Senegal": 0.8057197,
    "Serbia": 4.2304993,
    "Seychelles": 5.3366547,
    "Sierra Leone": 0.15431175,
    "Singapore": 5.4715614,
    "Sint Maarten (Dutch part)": 14.704659,
    "Slovakia": 6.481401,
    "Slovenia": 5.921149,
    "Solomon Islands": 0.44913858,
    "Somalia": 0.035766363,
    "South Africa": 7.339827,
    "South America": 2.475527,
    "South Korea": 11.886425,
    "South Sudan": 0.14719196,
    "Spain": 4.9202914,
    "Sri Lanka": 0.9544157,
    "Sudan": 0.46078634,
    "Suriname": 4.5566983,
    "Sweden": 3.4249187,
    "Switzerland": 4.019106,
    "Syria": 1.2661933,
    "Taiwan": 11.85487,
    "Tajikistan": 1.060136,
    "Tanzania": 0.20536575,
    "Thailand": 3.889545,
    "Timor": 0.5574256,
    "Togo": 0.27091572,
    "Tonga": 1.6490842,
    "Trinidad and Tobago": 23.677477,
    "Tunisia": 2.575461,
    "Turkey": 5.263368,
    "Turkmenistan": 13.0887375,
    "Turks and Caicos Islands": 7.558162,
    "Tuvalu": 0.70781016,
    "Uganda": 0.12606297,
    "Ukraine": 4.6370573,
    "United Arab Emirates": 21.792141,
    "United Kingdom": 5.1540995,
    "United States": 14.858668,
    "Upper-middle-income countries": 6.6853695,
    "Uruguay": 1.9665356,
    "Uzbekistan": 3.5688467,
    "Vanuatu": 0.54789656,
    "Venezuela": 2.8279076,
    "Vietnam": 3.344827,
    "Wallis and Futuna": 2.3869915,
    "World": 4.693699,
    "Yemen": 0.3782891,
    "Zambia": 0.39419338,
    "Zimbabwe": 0.7062929
}